{"stat.cakeSlicesEaten":75,"stat.walkOneCm":8120,"stat.leaveGame":2,"stat.useItem.kfc.beer":8,"stat.mineBlock.kfc.salt_ore":2,"stat.pickup.kfc.oliveoil":1,"stat.jump":65,"stat.swimOneCm":1503,"stat.drop.minecraft.dye":1,"stat.crouchOneCm":6960,"stat.sprintOneCm":99,"stat.useItem.minecraft.stone_slab2":27,"stat.craftingTableInteraction":41,"stat.useItem.minecraft.diamond_hoe":2,"stat.damageTaken":10,"stat.useItem.minecraft.diamond_pickaxe":2,"stat.useItem.minecraft.dye":5,"stat.pickup.minecraft.dye":1,"stat.pickup.kfc.goasmoas":2,"stat.useItem.kfc.corn":3,"stat.flyOneCm":541,"stat.useItem.kfc.avocado":5,"stat.drop":2,"stat.playOneMinute":35517,"stat.sneakTime":3377,"stat.timeSinceDeath":35517,"stat.diveOneCm":376,"stat.mineBlock.kfc.beer":5}