{"stat.useItem.minecraft.diamond_hoe":2,"stat.walkOneCm":3312,"stat.drop.kfc.tomaten":1,"stat.damageTaken":10,"stat.useItem.minecraft.dye":5,"stat.useItem.kfc.corn":3,"stat.pickup.kfc.tomaten":1,"stat.flyOneCm":214,"stat.useItem.kfc.avocado":5,"stat.pickup.kfc.oliveoil":1,"stat.drop":1,"stat.jump":12,"stat.swimOneCm":574,"stat.playOneMinute":16834,"stat.sneakTime":765,"stat.crouchOneCm":1890,"stat.timeSinceDeath":16834,"stat.sprintOneCm":99,"stat.useItem.minecraft.stone_slab2":13,"stat.diveOneCm":230,"stat.craftingTableInteraction":41}